species,island,bill_length_mm,bill_depth_mm,flipper_length_mm,body_mass_g,sex,year
Gento,bisko,48.178371435646376,14.619688441249991,201.27682780648817,4546.89108925814,femal,2007
chin strapp,Biscoe,41.52992552184016,13.77625289435817,202.48339714836817,3840.2337368371886,female,2007
gentoo,Dreem,41.867989761869026,16.06054579394037,191.305446014663,4474.295840050659,female,2008
Gento,dream,37.665792040468745,14.77959421662296,220.26874067096946,-3796.43281036588,male,2009
Adelie,dream,51.12757710042111,15.705496302972943,219.08166108513646,4371.3231539644785,femal,2009
gentoo,Torgersen,53.20019104151749,15.001682286093404,219.97732199749936,5203.883702084706,Female,2009
gentoo,Dream,34.429244432539605,18.024281462234867,-227.85909501237205,4987.189797640691,Female,2009
ChinStrap,bisko,49.35440812375962,17.579578065792745,191.0238469137964,3803.25410861555,male,2007
Gento,Bisco,37.35475874231195,18.524703775628353,199.2207574413985,3681.7321667771766,femal,2007
chinstrap,Dreem,50.43803666417557,15.882436398495415,170.2611665310924,4833.554566501129,femal,2009
gentoo,dream,45.367500469218726,17.507740892323987,210.09014624967693,4842.390170908594,femal,2009
chin strapp,torgersen,49.25491763242597,15.541313548880936,199.24866958968593,-3886.54423802095,Female,2009
adelie,bisko,46.57188143346894,17.880059824492804,186.6733017121811,3778.815724081842,Female,2009
ChinStrap,Torgerson,38.07796593079058,17.896052360801605,231.19181786956912,4389.199264948866,femal,2009
gentoo,Torgersen,47.09702373795135,18.38837199079981,-218.30590310982458,4402.127597778668,femal,2009
ChinStrap,Dream,56.91156032460006,14.835175103997365,184.52193807215096,4100.709347637479,maale,2009
adelie,Dream,45.07111158451735,20.576619744312676,182.22058431148002,4469.26571897628,Male,2007
gentoo,bisko,41.60339862299332,16.304047674715992,210.5148305133051,3835.9612939999556,Female,2009
Adeli,Dreem,41.45657792102283,18.400549254422227,193.73897407213872,3739.0327835279136,maale,2009
chinstrap,bisko,50.76568230375374,11.802260501270835,190.78618982099465,3951.634450450517,Female,2008
Gento,Bisco,41.16045943035191,16.838453429497815,203.53352397862295,4201.947650583909,femal,2007
chinstrap,torgersen,37.46222889136117,18.374513694862877,184.81214054250833,-4254.852596212556,Male,2007
Adelie,Dream,53.775438693923675,14.845056142492961,193.62506262362118,3527.354794903623,femal,2009
adelie,dream,54.4591333013922,15.877372793421724,201.65217419379226,3998.6555817753388,Male,2008
Adelie,Biscoe,49.012342648485124,17.443513864480977,211.60754477008544,4714.848602421856,Female,2007
Adelie,torgersen,48.21467509829898,20.12988149166911,205.94068261105804,4083.964524419429,male,2009
chinstrap,Dreem,,17.903946444905653,202.3805928551037,-4206.713068278397,femal,2009
Gento,Dreem,48.42537400294974,18.994702162342524,224.56951580648885,3581.799430670544,femal,2008
adelie,dream,36.671723043706905,13.229480170373819,-187.90983653673402,4791.593765336592,male,2009
Gentoo,Dream,41.16775100245625,13.098460652740856,176.7633129094524,4260.919330847023,Male,2008
adelie,Dream,48.42624783087031,16.21501946852697,198.40495609524785,3766.7718894398477,male,2009
adelie,Torgerson,50.45708685883804,18.844159643370006,203.35738227574498,-3736.0681982365113,female,2007
chin strapp,dream,41.35144232682186,17.126190600412514,181.66535069166292,4127.165644164479,maale,2009
Adeli,Bisco,50.240802872409674,18.876571614362913,194.19401360274264,4187.566621165971,female,2009
chin strapp,Torgerson,41.89963214690858,15.420320976136113,212.4839899095017,4338.910978197309,Female,2007
Adelie,dream,47.114590106393266,15.222490367164427,211.90522588191783,3912.2526725597063,femal,2009
Adeli,bisko,37.27985994359332,17.979082469899563,190.4395678269451,3839.871983540944,male,2007
adelie,Torgersen,46.74192908709504,191.9890723547772,186.19949446105014,4256.552053976975,Female,2008
Gento,dream,48.38660163533674,18.81019584484835,207.97253724454245,3274.538735120664,male,2009
chin strapp,Dream,47.710857126312305,16.959952810244275,213.69440194555384,3366.6482061645106,Female,2007
ChinStrap,Bisco,46.325547891177884,17.01476392783831,179.9862413009734,4300.782614768592,female,2007
gentoo,Dream,40.87948120963869,14.521448875083813,199.73663206138514,4505.128016689218,maale,2007
Gento,Torgerson,49.25057876035293,17.928601422311523,198.05478298286593,3737.5266552205903,femal,2007
Gentoo,dream,44.4542556571803,17.327389679015806,189.29561797488697,4741.315504688647,Female,2008
chin strapp,Torgerson,41.45547581083078,17.149564152070273,203.68072026379895,4377.9986132711465,maale,2007
Adelie,Bisco,51.124069665649344,199.11619476219872,194.70801330155012,3969.788093821102,Male,2008
adelie,Biscoe,37.82613927750758,20.532084041115688,211.66805787984737,4655.570405506433,male,2007
Gentoo,Torgersen,40.93770450283791,19.322243500749995,209.0699841467205,4314.886840562431,femal,2008
ChinStrap,Torgersen,46.56799589793035,13.036792450246093,180.28634559870866,3835.7108613965474,Female,2008
Adelie,Biscoe,42.54635466200461,14.66200355600099,175.0254738444603,4014.6999738964805,maale,2007
gentoo,Torgerson,44.855655601155014,14.560915813117894,211.01479235490118,4170.290174081933,female,2009
gentoo,Dream,48.00330019359608,19.46113348773462,219.08147635518156,4352.011945398783,Male,2007
Gentoo,Bisco,40.22894018626583,17.837813220073052,214.45419474387984,5115.673877971934,femal,2007
gentoo,bisko,47.844941386717416,13.559115378200886,211.7249771248994,2909.359847190407,male,2007
chinstrap,Torgersen,36.11189500024358,188.69332665547284,193.12527537230224,2941.1538220476446,maale,2007
Gentoo,torgersen,48.219331008227925,15.931201934231808,204.86144693701382,4680.746592625276,female,2007
Adeli,Torgerson,43.45892164453123,17.45964367638004,236.94265127167336,3961.9435872043755,maale,2009
chin strapp,Torgerson,,17.94361902001339,203.17726535895972,5267.008088317736,maale,2009
Adelie,Bisco,48.12925367772132,15.891059385814355,218.0998922666411,4553.973865813109,Female,2009
Gento,Dreem,43.49491149965386,20.072855983671666,176.09014657394425,4494.099483706821,female,2007
Adeli,bisko,38.28734924251623,21.351523152842148,205.17829262876572,4757.027259446219,Male,2008
gentoo,bisko,38.0497883821079,18.61548475608866,200.51509620834702,3834.0359880988103,maale,2009
chinstrap,Dream,42.18023369142652,18.570902939589256,194.656590242912,-3578.1755813690415,male,2009
Gentoo,Torgersen,,20.85843180461109,211.5900627765396,3509.43880205265,femal,2007
adelie,Torgersen,38.09613679699549,16.444252886614688,211.23150077974964,3831.0866938399336,Male,2007
Gento,bisko,39.46227603471843,14.270355440465993,197.93533602402036,4194.118046679021,female,2009
Gento,Torgersen,45.546950926226714,18.853133424176175,-207.12860266104818,3877.9293281004084,Male,2008
Adeli,bisko,44.377679227017204,18.2491312480765,217.14736320946218,4181.7740175147765,femal,2008
Gentoo,Biscoe,49.66725106208478,16.55676789642763,217.49419431099173,3366.35344586392,Male,2007
ChinStrap,torgersen,41.44577960902016,19.10572384840151,189.86036472298508,4481.099294068261,femal,2008
Gento,Torgersen,,12.107908303409816,237.42913190119177,3539.380831128338,female,2007
chin strapp,torgersen,36.104581981495194,15.90426818492572,210.1055754631482,3565.9720572745737,male,2007
chin strapp,Torgerson,43.65655550605128,16.632704812441776,193.15146247748112,5395.042869242695,female,2007
gentoo,Torgersen,49.04725517577417,16.295376814304397,198.97663886406045,4002.667006351226,Female,2007
Adeli,Dreem,46.229278227804706,14.56476354924678,182.08547524820636,3893.6991564126142,Male,2007
adelie,Torgerson,50.03130241113544,15.99049120437697,187.53918560871057,4141.444559985312,Female,2009
chin strapp,Dreem,41.4763531770226,18.816074959267148,203.36118671217523,4136.839351091189,male,2007
Adelie,bisko,50.77565708066,17.527953970695403,178.95452440311522,4994.142189639897,maale,2008
gentoo,Biscoe,46.67589411758378,17.582859905641676,-192.54147413245775,4987.16374087498,female,2008
chinstrap,torgersen,40.24796495401277,19.634110791822582,191.5557717126426,3956.976157159619,femal,2009
chin strapp,Dream,48.15075136896588,16.831518392187096,197.56819225853627,3456.300541176101,,2009
Adelie,torgersen,42.108186472889116,20.522436782154877,176.41277807807802,3966.884785225231,male,2008
ChinStrap,Torgerson,50.961574618421366,21.45142126656514,200.14622590780826,4243.927888131371,female,2007
ChinStrap,Bisco,44.211897530782664,16.638358066815634,207.2106009660587,3854.7992482822265,male,2007
Adeli,Bisco,49.31355469395886,17.88937407323153,205.824516957304,4084.6748153746926,male,2009
Adelie,Torgersen,51.150374548311575,17.760003527313717,170.28073728124724,3435.785409778626,male,2007
chin strapp,dream,48.27515072950701,16.25092218697304,221.42207014940072,4943.901484414697,female,2009
gentoo,Bisco,52.68571250278682,19.317922421287822,222.19207254481617,3808.863238677001,Male,2008
ChinStrap,bisko,51.54674899037664,16.521511229376028,195.47281653621684,3942.6371716178187,Female,2008
ChinStrap,bisko,,19.934480415494498,226.50841369326895,4744.5640982445,Female,2009
ChinStrap,Dreem,43.82793960707496,17.479113888532744,198.2839998849443,3930.562289470954,male,2008
Gentoo,Dream,55.77752099463548,16.899093111491975,194.08101387288244,3906.445166516336,Male,2008
Adeli,dream,52.32979204230911,16.72063556905447,184.40401035135463,3280.127894583442,maale,2007
Gento,Bisco,43.4323164434358,15.428917359382437,199.0166774738945,4814.259166214185,Male,2009
Gento,Bisco,38.68254383011199,17.12221660713036,197.88272186237415,-4104.7581966197085,maale,2009
chinstrap,Biscoe,58.68705023744823,172.4673311736302,195.43913484457852,4931.860532460279,maale,2007
gentoo,Dreem,41.735874369082225,13.549636351376037,203.74004988131813,4361.397966300964,Male,2008
Gento,Dream,51.041829941454125,16.218513157466102,203.75643763193304,4128.313734703721,Male,2009
ChinStrap,Dream,48.61042798010576,16.077665659633983,178.2533250370381,3423.712694133247,maale,2008
gentoo,Bisco,51.037913193982355,15.313595223859076,213.7956835804106,3744.641848726805,,2008
Adelie,bisko,,13.611612502006448,-211.63199305145517,3770.954477211855,femal,2009
gentoo,bisko,51.53245282322669,15.332611424640389,199.5313218341175,4352.775020151894,maale,2008
Gento,Torgersen,46.73718965648742,19.09160865463372,197.58190767715257,-4468.4637658447255,male,2009
chin strapp,torgersen,43.34322753678454,19.291652652211795,195.81293752648781,5179.533334527394,male,2007
ChinStrap,dream,39.90086333883842,23.07829408884041,193.1471186444376,4311.990130608657,female,2009
Gento,Dreem,44.04567199919842,16.02027485604544,185.71661256538147,4585.048556760285,maale,2009
Gento,Bisco,42.51407655210294,17.790125938989327,184.2228996356126,4249.957631854926,maale,2007
Adelie,Dream,43.31105407821319,18.159406228202894,215.46212949234254,4788.740345129141,female,2008
chin strapp,Dream,45.71195741277066,15.345161996218526,227.44252064694436,5257.668616442573,Female,2007
chin strapp,Biscoe,50.001286146991475,15.319212223703044,-212.75907932437136,3948.766352365741,Female,2009
Adelie,bisko,34.40440214810417,11.972968205803635,193.48106765819213,4361.655843576582,Male,2007
chinstrap,Dreem,49.63840093262229,16.880248035161475,201.02635397103074,3693.3228242039486,male,2009
Adelie,Torgersen,45.10178454292502,15.291470211792836,187.2767505706022,3876.7779675754036,femal,2007
chin strapp,Biscoe,44.714349476194585,14.553568271840746,-196.11416533679005,4192.252384783144,Female,2009
Gentoo,Torgersen,45.34001036507479,15.968307872269252,210.56980189947086,4011.6586060524673,femal,2009
Gento,dream,38.78972021902809,14.345715927338489,182.968682030484,5233.2442109449075,Male,2007
Adelie,Dreem,54.28146805830301,17.018997806345478,178.69647193296748,3808.5851949596004,female,2008
ChinStrap,Biscoe,47.57953015990092,16.131463887110286,208.41744797373227,3935.0977169365738,femal,2008
chinstrap,torgersen,42.15595983476041,12.35472915286196,187.28881243809968,4208.557962175769,Male,2009
ChinStrap,Dreem,36.80009205311868,15.641163900716101,191.08583124775555,3771.507040954396,Female,2009
adelie,Torgerson,35.126926923461355,20.797635194661453,183.91846869272717,3378.031991149828,maale,2007
chin strapp,Dreem,,15.66622230716133,-195.61484867260592,3880.5895083041914,femal,2008
chin strapp,Dream,39.85482090836551,15.897430300269223,194.61070050895546,3824.580064658852,femal,2009
Adelie,Torgerson,42.932353983629966,13.461391116681778,205.89694032804815,4347.315868746687,femal,2008
Gento,dream,41.88667678735291,17.48436017357923,194.27991550785086,4426.952773259242,Female,2009
chinstrap,Torgerson,38.91865189369689,19.25272533454831,192.21448680324906,4796.990931544669,female,2009
gentoo,torgersen,52.85119120880676,19.274727208992765,217.0737557963734,5158.189002365217,maale,2008
adelie,bisko,43.05741215450796,17.0551910521455,192.67893332887576,4363.774170589515,female,2007
chin strapp,dream,36.923076814650386,18.963481944568734,201.71146577025098,3732.3823147626304,male,2009
Adelie,Bisco,43.84198669654259,16.543318806510943,212.57170070748455,4076.8060076517827,Female,2007
gentoo,torgersen,48.8583637557488,20.675718057595788,209.65197584184472,4383.793464154758,Male,2009
Adelie,dream,44.32040110440411,174.326572846791,214.64430822854646,4406.397709594197,maale,2009
Adelie,Dream,49.544872978226635,17.439780738420936,205.2066869356076,4043.254003207702,female,2009
Gentoo,Torgerson,46.77717586478551,18.040234567631046,214.0230285369507,5044.688422456314,maale,2007
adelie,torgersen,44.109329559895365,13.730230964271232,194.99108497434563,4141.419615117455,Male,2008
Gento,Dream,48.725776329245484,15.587505820477348,219.54117132811032,3699.2874244539175,male,2007
ChinStrap,torgersen,,16.153589682783146,-202.12768242487294,4238.200275696743,female,2009
Adeli,Biscoe,40.05240470377749,179.2216495330028,222.12889132342292,4292.923187039888,Female,2009
adelie,Dreem,44.65665539764822,16.05953879125217,213.16490172231985,4776.345681794364,Male,2008
Adelie,torgersen,56.123192177130335,19.95068235428545,212.90367857211754,4154.891198209098,Female,2009
Adelie,bisko,39.83611496134032,17.40758706285751,211.01248912541064,-4751.361930942181,Female,2009
Adelie,Bisco,49.93401402583624,183.64683170705018,208.12238584588638,4491.011888851662,Male,2008
Adeli,Torgerson,39.98285469884384,19.423946751485293,194.14099734290656,5192.757194839899,Female,2008
chinstrap,Torgersen,55.525376066712624,16.64627789051803,188.06247899414907,3685.149913275111,female,2007
Adeli,Biscoe,44.383330409130316,20.391371838128414,186.92685051854062,4806.380211990598,male,2009
Adelie,dream,50.72144953643259,14.514574626934827,207.5928149501164,4469.1543785886815,male,2008
Adelie,torgersen,43.563322727864616,19.27208425103274,210.25564346175773,3673.4571718512116,femal,2007
Gentoo,dream,43.014161137370735,17.595314790967546,196.99130654616846,3872.3362379605437,,2008
Gento,torgersen,48.319770417929,16.38724838352304,224.57824153353528,4496.155508319557,male,2008
chinstrap,Torgersen,48.18036638637726,14.220936384874452,198.885472041975,4167.382107427891,,2009
chinstrap,Torgerson,35.43116069465741,176.87676625061044,197.12983602727613,4227.29591198146,,2009
Adeli,Torgersen,49.46122928459396,18.15370138461838,190.3005501094607,3689.3938699565597,maale,2007
gentoo,Biscoe,38.860521872127045,20.153560660564604,190.95410749900745,4201.984274425536,femal,2009
Gentoo,Dreem,46.05548055469154,18.566836623399258,205.80923197683205,4371.356267393525,maale,2009
chin strapp,dream,40.52375011407377,15.794196344968462,-184.70245599917092,4174.453519245344,maale,2008
Gento,dream,48.02436471280038,13.656419167996546,197.6054509999883,4525.327789524126,Male,2007
gentoo,Torgerson,39.72558154379454,18.09683430844825,213.43336098834482,-3967.640534930394,male,2008
Adelie,Bisco,38.57393048629298,16.558746000519022,202.67803089921605,3200.7468454349555,Male,2009
gentoo,Dream,43.08125258721014,18.029577190832775,199.5003071878014,3499.712783634721,maale,2008
Adelie,Torgerson,46.941490652046774,17.643802456638497,207.56753609352717,4207.759141181361,femal,2008
Adeli,torgersen,51.335769247907926,17.033767882004774,207.67898462275213,4795.867398714518,male,2007
chinstrap,Torgerson,42.63111247316166,14.469184088760521,209.41180106727006,4362.773548783072,,2007
Gento,Dreem,32.58246200680328,16.058594806216536,197.32671434705364,3745.8667185530617,female,2009
chinstrap,Bisco,51.07918958325814,17.441110344298753,198.1994212232691,4527.766968651924,femal,2008
chin strapp,dream,50.77123092123389,15.860991491961801,186.02028473790747,4320.122482423297,female,2007
adelie,Dreem,44.36015964209431,18.026547162089376,180.94227590802143,3877.35494994807,maale,2009
chinstrap,dream,,19.247278728244893,212.12885029257052,4380.0132637036595,female,2007
chin strapp,torgersen,41.07584538700603,14.566707160119433,197.8814545618381,3261.1841523447124,female,2007
gentoo,Bisco,,177.62786722023822,183.1149298003786,-4317.020244286627,male,2007
Adeli,bisko,51.9031108807748,15.14051384743566,200.627391526211,4512.161960791686,maale,2009
chinstrap,Biscoe,46.0568899513295,18.84097616659246,244.0740725534576,4605.969912722291,female,2007
chin strapp,Dreem,43.19560371785481,15.37293522033487,166.8128010137063,3188.921506568913,male,2007
Adelie,Torgersen,57.27832357925918,18.980293150127334,212.6987310690655,3740.415915278306,Female,2007
Gentoo,Dreem,48.542443586999916,16.65125270989045,175.21798829884588,-4741.067121721703,femal,2008
chin strapp,Dream,49.6895087662173,12.22307143058319,183.49595956534193,4099.6944076178115,Male,2007
chin strapp,Torgersen,45.77072740227158,21.065761706356675,185.36625579307773,3908.365341344212,male,2008
Gentoo,Bisco,40.9316968045633,18.54922703326724,196.29743139950563,3607.9587826100183,maale,2008
chinstrap,torgersen,39.25758428179288,17.7785288772619,214.83673553206862,4740.30653723892,female,2008
Gento,bisko,50.40475318254012,18.445634158550476,-235.97520235367546,2614.8181684619067,female,2009
gentoo,Dreem,48.1095761231662,17.001624475817316,202.82426248781078,4239.880048708483,maale,2009
gentoo,Torgerson,43.30933836853453,17.314127585477006,222.1212677248079,4238.925202458508,male,2008
chinstrap,Bisco,40.23346585624124,17.794689147761662,222.54295554930553,-4638.606968762106,male,2009
chin strapp,torgersen,50.4284139779007,16.149438672867227,188.38449194671836,3797.2993125783005,maale,2008
Gentoo,Torgerson,52.33311929970453,19.442225857678963,214.28405676337243,3781.362358352481,Female,2007
gentoo,Bisco,39.44678869653122,19.64043336686003,203.02636712780074,4505.208856388372,Female,2007
Gentoo,Bisco,48.174161166738024,16.868413470459675,221.4546607226559,3748.8789106767126,,2008
chin strapp,Dream,42.91215710438085,17.924376688846856,198.06771825325114,4725.971155919529,male,2009
ChinStrap,Torgerson,54.12184384140089,15.668950985273195,189.35617483530532,-4988.040565789611,,2007
Gento,Bisco,56.969064782492694,19.201955558261755,198.39892967271953,3364.6826714343083,femal,2008
Gento,bisko,51.949557220566795,12.867390721828148,215.4795800774407,-4139.951329233215,maale,2008
Adelie,Bisco,46.47462198535372,14.998144652260011,173.00286155095426,4072.2563064543665,Female,2008
Adelie,torgersen,37.27025234775425,15.688498693823496,206.1969887108501,3522.7567003417885,maale,2008
gentoo,Bisco,47.56485482580338,16.413232042757585,195.06465965868227,4930.236007365869,female,2009
ChinStrap,Torgersen,48.88584927047973,20.90632770288609,178.29385471233303,4672.71133923252,,2007
Gento,bisko,43.32658337850587,14.264587665168643,194.6160836110435,4418.715245078868,femal,2009
Gentoo,Biscoe,40.169290299608164,17.27658266288373,207.1352512945518,4022.574164767519,femal,2008
chinstrap,torgersen,40.81544948076741,18.59121081448862,-186.58887704137055,4439.925185554858,maale,2009
chinstrap,dream,38.91356186749577,15.644847629242875,216.56777134696748,4580.01300898078,Male,2009
Gento,Torgersen,44.699047066500725,18.59864518785985,209.60849339139787,4201.1237653320295,femal,2007
gentoo,Dreem,41.673491691959896,15.919499301350559,200.55983373547127,4965.853880537497,,2007
ChinStrap,dream,46.44147525816508,17.38685782073128,186.07406030636312,4234.377087458461,Male,2007
Gentoo,Biscoe,36.44778056062103,13.23521368296041,210.23392316692224,3615.8905828248962,Male,2008
adelie,Torgersen,45.94745833432355,15.679308759104217,218.07083538169138,3868.504758862991,female,2007
adelie,Dreem,45.56353363289522,15.534463078039764,212.26216874522584,4409.46641051375,male,2009
Adeli,torgersen,48.76843737219347,20.978147501980224,205.02051642983008,4019.284997038099,Female,2009
adelie,Dreem,43.209700924725084,23.68864242494431,206.9635954376934,4521.61277765515,male,2008
ChinStrap,Torgerson,46.12419619094408,16.425815856984197,183.42130034576462,2993.638010275179,femal,2008
Adelie,Dreem,38.7689441321718,17.740199743334962,210.65923523691757,3552.9682090427114,Female,2007
Adelie,bisko,50.50392088354647,11.066171327263543,197.14023552199748,4021.9462629969566,female,2008
adelie,bisko,43.31068580623484,14.378374670441424,170.61401906325483,3315.897894577552,Male,2008
chinstrap,Torgersen,44.830771181586414,14.16790913706059,-173.39601469242956,4190.178148137634,Female,2007
gentoo,Dream,43.516363270257806,17.999907776110827,190.6468232829594,5008.088120834969,female,2008
ChinStrap,Dream,51.426688000651055,15.290938329704911,181.9644410827049,4030.694116867082,Male,2007
chinstrap,Dreem,39.29257593233187,19.077867452781756,210.2068051605798,4589.535159282326,male,2007
chin strapp,Biscoe,50.29569545189214,18.45096723894825,203.1715944337587,4233.2147853212255,femal,2009
adelie,Dream,47.09188901635751,16.058785414684586,202.88283128115074,4766.127106155295,Male,2009
chin strapp,torgersen,42.15964406466752,15.370020354979152,209.7983055085759,3973.6363348182304,male,2007
Adelie,Dreem,39.65876825124267,165.79758204609573,210.82420960356066,4527.386696212209,Male,2008
Gento,Torgerson,39.1214546940889,20.9690345524367,232.9833474960519,-3012.1842962590126,maale,2009
Gentoo,Dreem,45.23920658808193,15.75851976967928,207.04050355904837,3846.277308158357,Male,2007
adelie,Dreem,40.72918358196962,12.73551722531583,178.05419820779426,4677.502610948899,Male,2009
Adeli,Torgersen,38.47659613653909,16.81318464098716,190.04415707272682,4870.879734768056,,2009
gentoo,Torgersen,41.90991535062294,173.51524220235532,191.98075986963323,3618.30312212245,maale,2009
chinstrap,Torgersen,48.477878643297025,17.492565948717996,197.84748523040312,3590.4755986748214,femal,2007
chin strapp,bisko,50.49664752343763,15.269946433009837,205.8064606105315,4577.919576628806,Female,2008
chin strapp,dream,46.80202969044172,16.910240914545916,202.45356371232063,4571.491235756119,female,2009
chinstrap,Torgerson,46.194609200622224,15.947947270750749,208.86614591916714,4084.9053587852104,female,2009
chin strapp,Dreem,50.138885480705085,20.785437588030508,195.8128519794563,4497.162050167309,Female,2009
Gentoo,Torgerson,50.682781565385,15.949585276412053,196.5466372504475,3654.201651286936,female,2007
gentoo,Bisco,,16.309844891940987,196.71728484183495,4103.063014165071,Male,2009
chinstrap,dream,46.89934067059242,19.300706690766674,173.62353979669678,3536.7010329905916,maale,2007
gentoo,Bisco,33.32053482429734,14.447447238140343,205.42380843300887,4019.419750301911,Male,2008
Adeli,Dreem,42.63708015884143,17.690974004523397,-168.17898167509966,4290.949604569796,Female,2008
chinstrap,torgersen,45.141762060293836,16.911680607618273,218.3945752244642,4714.365500821101,male,2008
Adelie,torgersen,45.70866243132018,15.222084627594594,220.22571850276708,4345.111680217724,Female,2009
chin strapp,Torgerson,44.917118692997185,14.64291725994773,191.76868744845544,4011.70151833567,maale,2007
ChinStrap,Biscoe,50.09481326767987,18.655157512167204,202.4316600125653,4378.30433926604,female,2008
Gentoo,Torgerson,42.476112323459816,18.74127423659662,181.98856741214672,3972.66335053071,femal,2009
chin strapp,torgersen,35.85507413870438,17.618612504415797,202.56502272225325,4036.8866955032686,,2008
Gentoo,Torgerson,48.467331849909385,13.959206823142948,226.1345646250648,3206.0355745376596,maale,2009
Adeli,Biscoe,47.99901101830523,17.98900868297384,198.1180426854222,3610.611782559836,male,2009
Gentoo,bisko,36.000139476657665,15.495201098745772,213.48528682372321,3984.3828427031062,femal,2009
ChinStrap,dream,49.06022805241501,18.47637768155155,187.62867612920377,3567.2092965487745,maale,2008
chinstrap,dream,49.64799032665054,17.25428237519654,183.6708905267759,4441.2181599480955,Male,2007
Adelie,Torgersen,49.51976523488736,18.16025495770378,207.00829615365905,5077.2393580979615,Male,2009
ChinStrap,Torgersen,53.38943163533288,19.2685209579625,206.3575653017872,4576.96674636284,Female,2009
Adeli,Torgersen,41.33100936430093,18.311763728401978,189.68856775416566,4439.581619265735,female,2008
Gento,Torgersen,34.827272682739746,16.676101437488576,206.2551882302838,3753.2289259960135,Male,2007
Adeli,Torgersen,45.611604808172515,20.987697129724893,223.60752895233833,3821.8643576552204,male,2008
ChinStrap,Bisco,47.67189327114984,18.674539406817793,199.48228489911875,4644.792269978091,maale,2009
ChinStrap,Biscoe,50.96453083329984,17.33785060636874,199.1559382421736,4539.325240902468,female,2009
Gento,Torgerson,45.54604937934407,13.822625742340954,185.9384394435758,3838.617846219926,female,2008
Adeli,Dreem,46.401823919851715,15.339411121431441,181.1834082461811,4715.66999555442,Male,2008
adelie,Biscoe,54.49754611812723,20.49639996147367,199.5919938656983,3342.994061216819,Male,2008
Adeli,Bisco,50.95958485759613,17.301319170350368,197.0905611115583,3202.5279370572825,maale,2007
chin strapp,Torgerson,44.179443967121266,15.71618594810096,203.1891209931161,3728.733660767639,femal,2009
Adelie,Bisco,41.318764064990276,16.523434509427123,215.4559628664104,4298.872315890262,Female,2008
ChinStrap,Dreem,40.965429596874664,18.471276516030358,201.4590946679928,4171.961049832657,female,2007
Adeli,dream,50.87428337446944,19.28305881080324,198.13479703673238,3965.471958459639,male,2009
chinstrap,Dream,41.933673659538144,16.185008438175945,207.50491389225743,4453.977248055776,female,2008
gentoo,Biscoe,48.07087363962241,18.929488519542232,186.61035757217022,5179.898618158819,Male,2008
Gentoo,bisko,43.63921858806466,17.697831150024687,203.19261207500588,4827.9959846865695,male,2009
Gentoo,torgersen,51.910214597214306,17.922234955495203,184.34943821264886,4404.8956707328625,male,2009
adelie,dream,42.11160225588789,143.22533555186115,210.21054477828218,4047.444478741656,Male,2008
chinstrap,Bisco,54.357220412863306,19.6271222866885,193.23795122230263,4314.909075426104,Female,2009
adelie,dream,36.46006938907564,16.25014601542321,188.61006711074123,4233.537574700381,femal,2007
Adelie,Bisco,40.63266311668072,11.778819237257512,173.3544639891589,4349.202538952535,femal,2008
Gento,Bisco,43.48794295577691,15.758675665830278,-185.81162528759899,4421.924806539814,Male,2009
Adeli,Bisco,43.245258894461635,17.053040667441753,189.59920211547654,4209.37206336651,maale,2008
Gentoo,bisko,52.45100142600982,10.486464065762739,202.09582104840314,5115.184719542494,Female,2007
chin strapp,Bisco,53.13519118350797,21.302068020468322,191.00725277313072,4143.122340394729,Male,2008
Adeli,torgersen,39.32880704570651,165.50517815896367,-177.33907539260412,4297.896016088458,male,2007
gentoo,Dreem,41.112983408181016,16.617809164701118,-175.19085778778955,4079.822539159447,maale,2007
Gento,Torgersen,34.82452921115913,16.382311827543266,229.86588839665112,4473.04428213331,male,2007
Adeli,Dream,48.958639304459716,16.41877202301069,168.54282901028233,4379.073172115862,femal,2007
Gentoo,Biscoe,48.19616464297838,18.405937261938746,173.36109522433154,4645.494938357655,male,2007
chin strapp,bisko,43.99357100588828,15.68285825621915,-192.43839456726354,3827.8275710140247,maale,2008
Adeli,dream,48.494191554864635,16.174546899229075,207.84168582798983,4277.365216379056,Female,2008
chinstrap,bisko,48.04710590477283,15.972225956390437,-195.5994502639315,4416.986965103528,Male,2009
Adelie,Biscoe,36.71089050526783,18.324328553997976,-211.07082621774794,4693.029445226133,Female,2007
chin strapp,dream,55.01883709036561,15.782537492891281,206.64468822876452,-4724.377857304134,maale,2009
gentoo,Biscoe,50.374092079295266,18.311654783838275,186.70993474325692,3355.428293958093,Male,2007
gentoo,Bisco,39.3447156535766,21.04412244194757,195.94809806646998,3877.612180949859,,2007
Gentoo,Torgersen,53.51280341282222,18.194842571471092,197.0438402447131,4488.289053095272,maale,2009
Gentoo,Biscoe,49.57769564406889,16.451082689682607,219.77465275632693,-4512.074778713699,male,2008
Gentoo,Torgerson,43.72504885479477,15.651742649542939,-217.46599910829644,4593.428680863417,,2009
Gentoo,Dreem,40.08437841061581,16.29158123681664,194.18261462539868,4911.5826401139175,,2009
chinstrap,Dream,49.960191842490254,18.77284555911522,193.55448491718016,4344.565798518457,Male,2007
Adeli,dream,44.60245856325681,20.074292963099886,231.93517992788753,4770.327600044597,Male,2008
Adeli,dream,,170.00053739147222,179.67758897415936,5226.979178108387,Female,2008
chin strapp,bisko,40.79127638607793,16.393285947720262,188.58316305143583,4229.566510611328,maale,2007
ChinStrap,bisko,48.89404167010207,15.837998824213269,195.18481531998086,4394.574582094051,Male,2009
Gentoo,bisko,43.53777444115728,18.779688827356587,210.5436435267456,2626.837448960002,male,2009
Gento,Dream,49.81768208116777,169.94663477101193,195.35512417807095,4677.221752643409,Male,2009
chinstrap,Dreem,50.732130118292666,20.030989469901645,181.6054378757242,-5267.700592969222,Female,2009
ChinStrap,Dream,45.594401206428984,21.117269975380395,181.34839867965923,3406.236376287461,,2008
Gentoo,torgersen,45.83185482336258,15.86340044885266,223.65877810345646,4097.063479993877,Male,2008
Adelie,Biscoe,50.43655015265618,20.02937759833826,215.49989708042224,4263.701396331002,Male,2008
chin strapp,dream,51.27811114816586,17.86487417215735,204.75477563489812,-4620.451922705115,female,2008
Gentoo,Torgerson,47.22768452188929,194.0862660157798,200.23197710892921,4693.672983310097,Male,2008
ChinStrap,dream,44.47386079825763,14.85626812570542,191.90094838876152,4020.355600950645,male,2008
gentoo,bisko,35.86276491206233,17.415438800603642,206.2647080748397,3955.9476154425824,male,2009
Gento,Dream,37.02471041862102,14.79317119503479,206.35463077509837,-3699.567774044174,female,2007
chinstrap,torgersen,41.08094706488027,19.273169481115723,198.8946951846427,4107.296674615661,maale,2009
chinstrap,Bisco,39.137543851184,15.7834302248104,183.88912962171244,4575.755400957767,Female,2009
ChinStrap,Biscoe,,15.94812644453656,196.59536355926497,4958.941982859303,femal,2008
chin strapp,Torgersen,50.55084615587725,13.331020114082998,207.56179731519254,3724.23632660159,femal,2008
chin strapp,Torgerson,42.00795494030112,16.361581524161164,184.9183398418608,4411.991452729771,female,2007
chinstrap,Bisco,47.56093757524662,19.13831334599312,201.13295692570892,5087.570826954612,Male,2008
ChinStrap,Dreem,50.34862992224427,16.31375756107499,216.03605863767234,4282.9981975702385,male,2009
chinstrap,Bisco,49.02005220540597,21.275714846300378,204.0883836839491,3781.831058456497,male,2007
chin strapp,Biscoe,45.89563363740391,16.799634252317922,181.55181657194967,4059.723484196054,femal,2008
ChinStrap,Torgerson,40.30108333319403,20.660333465809366,212.95980018694175,4271.003424438185,femal,2008
ChinStrap,Dreem,42.34956212683756,14.926609664470293,223.14411156219776,5058.310469314124,maale,2007
Gento,Bisco,50.62758863708212,15.70828181488983,203.13699474059612,4190.290816700482,maale,2009
Gentoo,Dreem,,17.40569099282184,209.36691468900133,3860.567962737533,female,2008
chinstrap,torgersen,,15.481736672320705,174.7027396577016,-4952.4323521022025,male,2007
chinstrap,dream,53.05385521544874,18.508725777872375,190.1772316620122,4204.379793375073,female,2009
chinstrap,Dreem,43.8171714895106,17.91666147188034,178.22847515897143,2761.576379816281,Female,2008
adelie,bisko,49.94016106149496,18.538729738608858,190.13342275225514,3862.7609023420277,male,2009
Gentoo,Biscoe,53.10472920507131,17.379655552534466,171.3096609705192,3603.829114404155,female,2007
adelie,Torgerson,51.97272297718761,17.24370297243186,185.69176297749647,4679.67416998388,male,2009
gentoo,torgersen,48.78937480068743,15.673675162849833,188.88678763242012,3838.74225752788,male,2009
adelie,Bisco,45.74772760687154,16.322109057333712,199.6503296643997,4451.37342165639,maale,2007
gentoo,Biscoe,40.15811432651293,19.59913987239388,212.54304233859753,3871.0929725903197,maale,2007
adelie,torgersen,47.978313070202155,16.087485308885714,202.21638085052507,4382.193392382161,femal,2009
adelie,Dreem,46.40299468296503,18.636446819158063,216.64912423586964,4446.850482443232,maale,2008
gentoo,Torgersen,41.74302131779028,17.59130534273823,192.60205954020293,4375.637295987869,male,2007
gentoo,Torgerson,37.20530859368918,19.09978154490314,220.85563992234938,4244.217682353966,maale,2009
Gentoo,Dream,52.398117092967425,18.53005648621128,173.76035843667677,4343.860231077985,male,2007
chinstrap,Bisco,44.888847373359525,18.965776298207853,205.7742936509564,4112.2487427680135,male,2008
Gento,Bisco,38.81068236637309,18.808994289922364,180.19038221937683,4082.7462393053675,femal,2007
chinstrap,bisko,,18.12955732188788,207.07025145908105,4475.732591226321,female,2009
Adeli,Dreem,44.38674080524204,17.148674761699393,194.54856229211805,3991.225545318764,maale,2007
Adelie,Dream,45.28673080204873,19.074545426653497,-226.17726286166908,4621.549220692679,male,2008
gentoo,Dream,50.45081698342801,14.560910615262385,-202.25102726117686,4035.491190657049,maale,2008
gentoo,Biscoe,50.79618008515201,159.6614456555523,187.95055050693196,-3790.8918041257793,Male,2008
ChinStrap,torgersen,40.221031997900894,14.233337285502875,174.30281726967903,4615.361277212202,female,2009
gentoo,Dreem,41.047745151722545,16.685433200221528,195.2043169425056,4626.526569619491,female,2009
ChinStrap,dream,39.11607870296801,16.231540523224826,188.81454997450717,4129.881360501259,femal,2009
gentoo,Torgersen,,12.815690869046904,224.90418982893442,5071.735997301378,maale,2009
chin strapp,dream,41.33551263531435,15.918053376810766,201.80302374400594,5158.102427305867,Male,2007
Adeli,Dreem,44.05276209811126,15.517126342570922,206.64410205680144,4371.052726787515,maale,2007
ChinStrap,Biscoe,50.28809874712905,14.858802431990293,192.58878932985368,-4179.158378163186,,2007
